,username,grade,seq_4_avg,quiz_avg,seq_0_avg,seq_1_avg,seq_2_avg,seq_3_avg,duracion_sesion_avg,duracion_sesion_std,duracion_EOL,num_sesiones_agosto,num_sesiones_septiembre,num_sesiones_noviembre,page_close_mean,page_close_std,problem_graded_mean,problem_graded_std,problem_check_mean,problem_check_std,problem_show_mean,problem_show_std,load_video_mean,load_video_std,play_video_mean,play_video_std,pause_video_mean,pause_video_std,speed_change_video_mean,speed_change_video_std,num_eventos_seq_0,num_eventos_seq_1,num_eventos_seq_2,num_eventos_seq_3,num_eventos_seq_4,avg_day_diff,std_dev_day_diff,nightactivity_2_to_5,nightactivity_0_to_2,sesionesde_2_5,sesionesde_0_2
0,05743498d061bf472df897f1e5bdda6d62e99312c952e36ed64d0d14dd648544,0.94,1.0,0.9051724137931034,1.0,0.9772727272727273,0.9444444444444444,0.6666666666666666,3.955453757433779,5.099846787567727,65.0,9.0,10.0,2.0,0.0,0.0,1.4761904761904763,2.4823184247603614,1.4761904761904763,2.4823184247603614,0.09523809523809523,0.30079260375911915,4.761904761904762,3.4337262835695257,2.0476190476190474,4.140968370758106,1.8571428571428572,3.511206548833524,0.0,0.0,64.0,175.0,92.0,22.0,0.0,33.714285714285715,20.618299777486158,97,197,4,1
1,afca888290f061f966a5f4ab433b53ac73734e00bdfce6ac5ab99a9da36de356,0.79,1.0,0.7586206896551724,0.5,0.6363636363636364,0.5555555555555556,0.3333333333333333,9.797653142461014,7.638587210603294,61.0,6.0,3.0,2.0,0.0,0.0,2.272727272727273,3.495451590021212,2.272727272727273,3.495451590021212,0.09090909090909091,0.30151134457776363,3.272727272727273,4.31487911976475,5.818181818181818,6.882124407741868,2.909090909090909,3.389824345140776,0.0,0.0,54.0,182.0,61.0,2.0,0.0,29.09090909090909,23.28714042322305,130,78,1,6
2,95ee01a5a7e3c41023fc379d6acb0f47860f2149caacb1126492a6a983ece902,0.85,-1.0,0.8189655172413793,1.0,0.7954545454545454,0.7777777777777778,0.3333333333333333,6.902267791003629,6.676685106068352,59.0,9.0,4.0,1.0,0.0,0.0,2.2142857142857144,2.5473537227897873,2.2142857142857144,2.5473537227897873,0.0,0.0,3.7142857142857144,3.4736053411310364,5.642857142857143,8.091849107467462,4.571428571428571,7.397653325567152,0.0,0.0,82.0,241.0,66.0,23.0,3.0,24.5,19.278325813043157,210,215,1,2
3,4f824a96d26c45a3e047fd26f1f164371e86b4cab538956a17cab40108ce31c9,0.8,1.0,0.7731034482758621,1.0,0.7954545454545454,0.5188888888888888,0.6666666666666666,5.655643669153053,7.179351349459807,57.0,9.0,6.0,1.0,0.0,0.0,1.875,2.918332857414772,1.875,2.918332857414772,0.25,0.7745966692414833,5.0625,7.17838189752166,4.0625,6.38194066618193,2.3125,3.6095936982805514,0.5625,1.2632629707758134,97.0,156.0,96.0,16.0,4.0,26.5,19.70448341537191,251,125,6,4
4,ef14776d7e8bc0b6ad12b59d9b12e2d742e962dfc415b0a696a5fb70c7962b5f,0.95,1.0,0.913793103448276,1.0,0.7727272727272727,1.0,1.0,4.238369108177931,4.568699707718229,62.0,8.0,5.0,3.0,0.0,0.0,1.8125,2.9033027170218864,1.8125,2.9033027170218864,0.4375,1.2093386622447826,3.4375,4.130677910464577,10.4375,18.754443917820296,6.0,11.378341999899046,1.0,2.988868236194653,93.0,400.0,71.0,21.0,4.0,29.375,23.44319375284292,197,349,8,18
5,0814bd9742062fde4e421aa3daddd58dcccd8492dabe1f4787df15d1eb792949,1.0,1.0,0.9655172413793104,1.0,1.0,1.0,1.0,15.669971360179787,7.232154527488509,61.0,17.0,14.0,7.0,0.0,0.0,0.7631578947368421,1.7465674525443728,0.7631578947368421,1.7465674525443728,0.15789473684210525,0.5939476630630319,5.631578947368421,8.540590056935521,22.736842105263158,41.114003802562195,13.078947368421053,23.9361555979227,0.42105263157894735,1.5001185349087156,279.0,1452.0,595.0,105.0,9.0,29.894736842105264,20.6106630414928,1681,858,15,2
6,1c49b51ebdc0d1086532599f9050d4e1c8d8f44fcc69a2eb1a50682e6d5df52d,1.0,1.0,0.9655172413793104,1.0,1.0,1.0,1.0,6.432389959108044,7.8395565221877925,61.0,15.0,9.0,4.0,0.0,0.0,1.0,1.8658728470829626,1.0,1.8658728470829626,0.0,0.0,3.4642857142857144,4.367236119418243,1.2142857142857142,4.175387698629007,0.6071428571428571,1.6852142563920738,0.14285714285714285,0.7559289460184544,42.0,132.0,175.0,24.0,0.0,26.821428571428573,19.388911629585976,170,99,8,15
7,3d7cd094c0c10d78f6120e298b60ee77335d5aa8de8ed2fd5a64fe5692a98f7d,0.88,1.0,0.853448275862069,0.75,0.8863636363636364,0.8888888888888888,1.0,7.248788686221339,8.055215886339532,61.0,12.0,9.0,3.0,2.25,2.7544430510974687,1.375,2.4283202281484173,1.375,2.4283202281484173,0.20833333333333334,0.5089773777040516,3.75,2.9963746210320927,18.666666666666668,29.680423451020438,8.333333333333334,15.350022423625221,1.1666666666666667,1.9486152645597752,283.0,695.0,273.0,23.0,2.0,27.041666666666668,18.317203048943686,272,488,8,6
8,3eb2b8564f21e7f422e6c455d0fe25542f615ef913a1b25cba22f28fe83f5a76,0.78,1.0,0.75,0.875,0.8409090909090909,0.6666666666666666,0.6666666666666666,5.186880552610234,7.060467921938558,60.0,8.0,5.0,3.0,0.0,0.0,2.3125,3.1983068437325817,2.3125,3.1983068437325817,0.375,0.7187952884282609,5.0,4.746928831711441,3.8125,4.086053515720681,2.3125,2.441823089414956,0.0625,0.25,61.0,156.0,127.0,12.0,5.0,28.4375,21.260193633486345,507,177,18,8
9,febbf1af91737d0fe326fb968636bf3f6f0917a04f0ac3c19fec055822b74bc0,0.96,1.0,0.9224137931034484,1.0,0.9772727272727273,0.8888888888888888,1.0,1.1463416221042462,0.7909616196602768,60.0,7.0,4.0,3.0,0.0,0.0,2.642857142857143,3.2011330411672594,2.642857142857143,3.2011330411672594,0.07142857142857142,0.2672612419124244,3.0714285714285716,2.4950500446433383,15.642857142857142,14.090952595724145,13.357142857142858,12.276350891400556,1.2857142857142858,1.6374732612530445,65.0,370.0,233.0,16.0,3.0,27.142857142857142,22.235996951779796,53,392,1,8
10,0ed6d58919fc148130b38fb3fee933dceef66196744547238d68c67a10cffdd9,1.0,1.0,0.9655172413793104,1.0,1.0,1.0,1.0,3.694309684234912,2.622235145042839,61.0,6.0,4.0,4.0,0.0,0.0,2.0,2.2870874995874626,2.0,2.2870874995874626,0.0,0.0,7.571428571428571,7.100533952991311,28.857142857142858,29.793796832064384,10.0,8.796852583999312,0.7142857142857143,1.266647387553302,153.0,556.0,447.0,12.0,1.0,31.285714285714285,23.410808060934894,282,63,6,1
11,d0e2d0908d697091c2c3550c91010f923cdb6846aac00d406fd5fce3077445d4,1.0,1.0,0.9655172413793104,1.0,1.0,1.0,1.0,9.38345595389864,7.0200974235972025,56.0,8.0,9.0,3.0,0.0,0.0,1.8,2.726092248506719,1.8,2.726092248506719,0.1,0.3077935056255462,4.8,6.83335472825063,49.85,75.10993696961107,42.55,66.97562400251537,0.85,2.0844032340469205,430.0,1586.0,539.0,101.0,17.0,31.9,18.327144090837386,238,169,1,1
12,42c23949dd5130fd4d1d3a1a7332e9f299e2aab1719152ad31239fb3ffad5642,0.89,1.0,0.8620689655172413,1.0,0.8181818181818182,0.8888888888888888,0.6666666666666666,5.090026430115609,5.613248718500557,61.0,13.0,9.0,5.0,0.0,0.0,1.1111111111111112,2.275848672360968,1.1111111111111112,2.275848672360968,0.25925925925925924,1.3471506281091268,4.333333333333333,4.46352740812431,18.59259259259259,32.672335109102335,8.88888888888889,17.942929469535287,0.6296296296296297,0.9260398790278188,247.0,542.0,522.0,83.0,4.0,29.962962962962962,19.999002824143854,1048,366,24,8
13,2a214178ed8dca0850bd34a2c9f3c4fa55b522e37fa002370aff5e00ad659ad9,0.92,1.0,0.8851724137931035,1.0,0.9090909090909091,0.9633333333333334,0.6666666666666666,9.651113956152283,9.02796804027131,61.0,11.0,7.0,6.0,0.0,0.0,1.7083333333333333,3.1274265940944606,1.7083333333333333,3.1274265940944606,0.16666666666666666,0.6370220572706059,5.291666666666667,4.92093280894435,19.041666666666668,20.653411480845037,11.208333333333334,14.276703939016137,0.7083333333333334,1.1601786469133206,182.0,772.0,274.0,109.0,51.0,30.0,21.80945148125105,412,547,6,6
14,a6553f9d1922732c863cf2b864a2ae244459b31acac65699aeeb0efff72d89b6,0.73,1.0,0.7013793103448277,0.625,0.7272727272727273,0.6488888888888888,1.0,3.441178550538809,3.7506358595035714,55.0,8.0,3.0,2.0,0.0,0.0,2.6923076923076925,3.2757852845950133,2.6923076923076925,3.2757852845950133,0.46153846153846156,1.126601424298216,4.384615384615385,4.073050894568295,14.461538461538462,13.678543932106374,12.307692307692308,11.338611139116757,0.9230769230769231,1.2557559782549623,103.0,330.0,218.0,20.0,9.0,23.076923076923077,21.06522228089677,118,2,1,0
15,4e4f0ab542c091047a4e3663209fc7617625f249a38ccc0e1a63ee4dcf3f8eb6,1.0,1.0,0.9655172413793104,1.0,1.0,1.0,1.0,6.24195121120234,7.018276190737724,51.0,14.0,10.0,3.0,0.0,0.0,1.037037037037037,1.628625694388263,1.037037037037037,1.628625694388263,0.037037037037037035,0.19245008972987526,5.074074074074074,5.993110954869676,23.11111111111111,36.58218706223577,17.77777777777778,35.07281802340046,0.25925925925925924,0.5943705521611525,334.0,912.0,389.0,29.0,13.0,22.37037037037037,18.002453140844974,182,185,2,1
16,1d75c26570936b27db324788d6bccf287575cbc75738c5b1e36b4cea3207e9c2,0.9,1.0,0.8679310344827587,1.0,0.8636363636363636,0.9633333333333334,0.6666666666666666,6.605720104519937,8.047795957072534,56.0,10.0,4.0,1.0,0.0,0.0,2.466666666666667,3.6226798814978842,2.466666666666667,3.6226798814978842,0.6666666666666666,1.759328876372492,5.666666666666667,10.188695883650853,5.133333333333334,12.682195994310103,2.4,5.7669006283395285,0.0,0.0,100.0,212.0,122.0,27.0,11.0,19.333333333333332,17.04056784209236,227,604,2,8
17,3805d992ffef4793ce5428b47e271f8271a2cccab8559351e79f86736a80df9d,0.96,1.0,0.9224137931034484,1.0,0.9772727272727273,0.8888888888888888,1.0,5.001236701715796,4.709769854563974,60.0,11.0,11.0,2.0,0.0,0.0,1.2916666666666667,2.349452603529572,1.2916666666666667,2.349452603529572,0.125,0.6123724356957947,4.416666666666667,5.029622396291332,23.166666666666668,40.21752448078224,10.208333333333334,20.515061628549606,0.625,1.8132963018384143,181.0,1079.0,416.0,21.0,24.0,28.958333333333332,18.073471230475914,232,128,1,6
18,4085ffb4c128e9e7c4be2b0a5bbaafa937144de9152877cb9e125fc5e86e5f65,1.0,1.0,0.9655172413793104,1.0,1.0,1.0,1.0,10.709471477583936,8.576372401154023,61.0,11.0,8.0,3.0,0.0,0.0,1.4545454545454546,2.086858489447321,1.4545454545454546,2.086858489447321,0.045454545454545456,0.21320071635561041,4.045454545454546,5.8266814268686815,38.54545454545455,42.71469834314008,30.5,34.20073794803961,0.2727272727272727,0.631085095901019,261.0,1044.0,706.0,110.0,6.0,26.59090909090909,19.172547563810607,86,305,1,4
19,3e8388d03c2d1d022eafc8bc3418cabe7616c1d9dae56f0825cb6fb9cc871133,0.97,1.0,0.9396551724137931,1.0,0.9318181818181818,1.0,1.0,10.281488254108462,8.639580607227433,61.0,16.0,10.0,5.0,0.0,0.0,1.1290322580645162,2.1562612006877546,1.1290322580645162,2.1562612006877546,0.06451612903225806,0.24973103811470745,3.7419354838709675,3.9578423577793314,3.967741935483871,6.488368418268401,2.5161290322580645,4.073253963290574,0.12903225806451613,0.7184212081070996,81.0,360.0,129.0,15.0,4.0,27.93548387096774,20.049830396408126,41,266,0,6
20,de3fa27bedc31d4e99d32292837bbe5ceb8262057139a995516a66c7757ac7d8,0.9,1.0,0.8679310344827587,1.0,0.9090909090909091,0.7966666666666666,1.0,9.437988512207488,8.54062647084993,61.0,10.0,10.0,2.0,0.0,0.0,1.3636363636363635,2.0827055331136797,1.3636363636363635,2.0827055331136797,0.045454545454545456,0.21320071635561041,4.090909090909091,4.789960641145494,3.590909090909091,7.3914950540603845,1.6818181818181819,3.2716147700276696,0.045454545454545456,0.21320071635561041,50.0,185.0,166.0,10.0,2.0,27.0,18.490666886425753,75,170,2,2
21,c7fea43eb7f90ee7bfa57d67c3800ae17df9a174e3aa1116f5978adc18ea6d1e,0.96,1.0,0.9310344827586208,1.0,0.9090909090909091,1.0,1.0,10.24187569813939,7.10023342865764,56.0,8.0,7.0,1.0,0.0,0.0,1.875,2.526525941551627,1.875,2.526525941551627,0.3125,0.7932002689527196,7.0625,8.095008750252632,13.6875,27.88002570539226,6.125,12.32815206482031,0.0,0.0,116.0,483.0,141.0,20.0,0.0,26.25,17.593559427623887,423,158,15,2
22,11084a4912f7ec3c5e461d2b3345108618800c96319402d38657af50969a3ab0,1.0,1.0,0.9655172413793104,1.0,1.0,1.0,1.0,3.5226436150860025,4.656554138000628,56.0,10.0,5.0,2.0,0.0,0.0,1.9411764705882353,2.561020017378186,1.9411764705882353,2.561020017378186,0.0,0.0,2.588235294117647,3.0630626734000193,32.0,45.64400289194628,27.470588235294116,43.73087817415004,0.058823529411764705,0.24253562503633297,193.0,692.0,385.0,27.0,4.0,22.764705882352942,19.702567763380188,228,598,6,6
23,9e967c4323d9363281f4807ee12ba83ca730c010aa2ea28aaff0c121e5b50b82,0.9,1.0,0.8706896551724138,1.0,0.9318181818181818,0.7777777777777778,1.0,7.799284696729586,7.303092493898584,61.0,12.0,8.0,3.0,0.0,0.0,2.0,3.289100457295554,2.0,3.289100457295554,0.43478260869565216,1.3082287455154336,6.130434782608695,5.2510115720348844,11.608695652173912,16.516490741170234,4.782608695652174,10.803856726100303,0.2608695652173913,0.619192384874173,108.0,616.0,194.0,46.0,5.0,24.347826086956523,20.37736867581773,502,296,2,0
24,6f0625e584530cf4cb6f731aabea566f1250a02439de24519ee96d9c27555b04,0.89,1.0,0.8620689655172413,1.0,0.8181818181818182,0.8888888888888888,1.0,3.0680734569218457,4.058914134856716,55.0,8.0,4.0,2.0,0.0,0.0,2.2142857142857144,2.5473537227897873,2.2142857142857144,2.5473537227897873,0.0,0.0,3.642857142857143,2.9248837677666875,6.428571428571429,10.441885224085112,5.071428571428571,8.677683896190146,0.0,0.0,64.0,235.0,47.0,11.0,0.0,23.357142857142858,19.684461434797296,105,29,6,0
25,f79fd33c9902bb3dcf5b05c54d608a44e89b87edc14a3747ed37410752419072,0.94,1.0,0.9110344827586208,1.0,0.9772727272727273,0.8522222222222222,1.0,8.4566032831495,6.451112251270474,60.0,7.0,6.0,2.0,0.0,0.0,2.4,3.3123146848433,2.4,3.3123146848433,0.13333333333333333,0.35186577527449836,4.266666666666667,4.008324670815311,37.53333333333333,45.05372454346139,33.266666666666666,40.494208874615055,0.6666666666666666,1.5886502207249786,206.0,959.0,242.0,24.0,2.0,27.666666666666668,18.499678246880276,804,66,6,1
26,199aa49fe64705a94459f72b8351788b4686da1eea18ad9a08fce4b26dbba729,0.97,1.0,0.9396551724137931,0.875,0.9772727272727273,1.0,1.0,5.6354727113158924,6.287502650684689,54.0,11.0,6.0,1.0,0.0,0.0,1.7777777777777777,2.365326878431407,1.7777777777777777,2.365326878431407,0.16666666666666666,0.5144957554275265,5.055555555555555,6.0144162322189745,19.61111111111111,34.21581830414439,13.11111111111111,22.106397500667455,0.5,1.2947859237091257,170.0,582.0,234.0,96.0,13.0,18.833333333333332,17.375608326210692,105,349,0,3
27,fd8c082ca11740170f2a5f0008a999f578f17b266bf64e0e51bbb05012cdc097,1.0,1.0,0.9655172413793104,1.0,1.0,1.0,1.0,5.221952622550116,5.596436314629263,55.0,12.0,8.0,2.0,0.0,0.0,1.3181818181818181,1.8096662053792616,1.3181818181818181,1.8096662053792616,0.045454545454545456,0.21320071635561041,4.045454545454546,5.593169922642239,32.40909090909091,48.30326725704616,16.045454545454547,25.752442829531947,0.0,0.0,210.0,1093.0,421.0,36.0,16.0,23.772727272727273,18.031538027477403,837,939,8,15
28,47fe70fac2bc970cdcbce9a599b862c16764de80efef82f09ee4fc67a2a3454f,0.88,1.0,0.853448275862069,1.0,0.7954545454545454,0.8888888888888888,0.6666666666666666,2.5237742362496114,3.207389499029134,56.0,6.0,5.0,3.0,0.0,0.0,1.7857142857142858,2.5773740789526736,1.7857142857142858,2.5773740789526736,0.2857142857142857,0.8254203058555569,4.928571428571429,5.180797172314251,16.071428571428573,17.287008397656876,10.785714285714286,11.787728765565886,0.7142857142857143,2.163635524139563,73.0,368.0,277.0,29.0,3.0,29.785714285714285,21.77923701223633,829,39,15,1
29,706b0264725afe8bee13af119da4d435439417e5a858cc5023d12d47fb7a0fa3,0.89,1.0,0.8620689655172413,1.0,0.9090909090909091,0.8888888888888888,0.6666666666666666,7.657381217480497,7.083670915227187,57.0,18.0,20.0,5.0,0.0,0.0,0.813953488372093,1.789597107538166,0.813953488372093,1.789597107538166,0.09302325581395349,0.4261652646328927,1.813953488372093,3.2605565837568897,13.883720930232558,25.91580626560664,7.348837209302325,13.538100944635993,0.09302325581395349,0.366057079101847,215.0,949.0,368.0,13.0,0.0,29.023255813953487,17.65204476499485,637,241,18,24
30,185eeb62370c07ee7b30ba3a2eea4a657a099ec33337ab45639238c3e764cfd3,0.85,1.0,0.8248275862068966,1.0,0.9318181818181818,0.741111111111111,0.6666666666666666,9.384027225816352,7.251036227423958,56.0,13.0,9.0,4.0,0.0,0.0,1.5769230769230769,2.700712156792381,1.5769230769230769,2.700712156792381,0.2692307692307692,0.533493565673837,3.730769230769231,4.055196096937284,2.1538461538461537,2.989211370141733,1.4230769230769231,1.836803243095502,0.038461538461538464,0.19611613513818402,53.0,175.0,124.0,29.0,2.0,26.5,17.810670958725836,157,204,2,6
31,fe1f2339d98308cc992adf675531e0562a1de7d055e306587847fc89ac06a328,0.91,1.0,0.8765517241379311,1.0,0.8863636363636364,0.8522222222222222,1.0,6.714618801423901,7.381961095813624,60.0,11.0,11.0,4.0,2.576923076923077,2.872950774699447,1.7692307692307692,2.902518800045124,1.7692307692307692,2.902518800045124,0.2692307692307692,0.7243033788512825,3.230769230769231,3.6145007102801054,40.0,50.26330669583926,19.96153846153846,27.31077555724959,0.15384615384615385,0.7844645405527361,191.0,1238.0,993.0,83.0,11.0,29.96153846153846,18.72854670118484,1633,145,27,0
32,8e983ca99550f13d30b4c998d7d5a870dba3f1d10d430beb363a0bf22a9a1b1f,0.99,1.0,0.956896551724138,1.0,0.9772727272727273,1.0,1.0,14.279298136550768,8.321467959427205,60.0,10.0,8.0,3.0,0.0,0.0,1.5238095238095237,2.6385421660274377,1.5238095238095237,2.6385421660274377,0.09523809523809523,0.43643578047198467,2.8095238095238093,4.545536795792634,14.095238095238095,28.611020187866007,10.047619047619047,19.55626802453932,0.0,0.0,99.0,393.0,307.0,12.0,8.0,25.476190476190474,19.056807307676298,367,157,12,8
33,9e9cd4279544d1447f56caba25f5729007c903ceec7c0baed47354623ace2c72,0.99,1.0,0.956896551724138,1.0,0.9772727272727273,1.0,1.0,10.35491758551356,6.689826697689664,58.0,9.0,6.0,3.0,0.0,0.0,3.2222222222222223,4.869539844857376,3.2222222222222223,4.869539844857376,0.5555555555555556,1.1490262999202834,7.277777777777778,6.0078924126377355,62.27777777777778,125.23004974636525,48.611111111111114,106.11322415170166,0.2777777777777778,0.9582800496696,323.0,2223.0,230.0,27.0,6.0,28.0,19.68576673042495,1130,385,8,1
34,5db204d518356aacda3c7727334db4e787aacfa180873ebc49c8bea51ae48dd1,0.97,1.0,0.9396551724137931,0.875,0.9772727272727273,1.0,1.0,4.275884744275434,5.046582316294319,57.0,7.0,6.0,2.0,0.0,0.0,2.066666666666667,2.3744673588186544,2.066666666666667,2.3744673588186544,0.06666666666666667,0.2581988897471611,7.266666666666667,6.850095585012629,16.0,21.494185260204677,11.066666666666666,13.976851610873636,1.2,3.166791977470486,114.0,480.0,246.0,31.0,12.0,27.333333333333332,20.190756961210408,385,50,4,1
35,8b121c6de213c6b19cac225a3c911215dc6e238cb0df7a49670b763a018d6701,0.97,1.0,0.936896551724138,1.0,1.0,0.9077777777777778,1.0,14.266062188273569,8.019790598771117,60.0,9.0,13.0,3.0,0.0,0.0,1.56,2.9450523481482183,1.56,2.9450523481482183,0.2,0.5,5.4,7.170541588099651,35.64,57.18018304739268,10.04,13.343163043296743,0.12,0.6000000000000001,348.0,1353.0,685.0,35.0,13.0,30.0,18.303005217723125,364,667,8,15
36,cb707e3fb26ce4ce29724fa6ef132a63d22942c935f37937425016f3e087776d,0.96,1.0,0.9310344827586208,1.0,1.0,1.0,0.6666666666666666,8.342097777629148,8.104946266000047,60.0,14.0,8.0,4.0,0.0,0.0,1.2307692307692308,2.006144407717297,1.2307692307692308,2.006144407717297,0.0,0.0,5.8076923076923075,6.5055006311227475,0.38461538461538464,0.8521466107154603,0.23076923076923078,0.4296689244236597,0.0,0.0,87.0,213.0,112.0,16.0,7.0,25.23076923076923,19.57816680347308,275,318,8,12
37,5341c2ecf6a5c3ade98e8276e86cc6750356991b030465631f3a9a6ec23710ab,1.0,1.0,0.9655172413793104,1.0,1.0,1.0,1.0,2.8063532489774485,2.112972704536901,59.0,5.0,4.0,4.0,0.0,0.0,2.3076923076923075,2.839736354681991,2.3076923076923075,2.839736354681991,0.0,0.0,5.6923076923076925,4.888500373062878,19.46153846153846,21.407223798737444,14.461538461538462,17.134834813985343,1.0769230769230769,1.7059473644448735,82.0,367.0,325.0,16.0,11.0,33.92307692307692,21.677413508309897,0,0,0,0
38,1f5e15cda91823f1671b191b4e5e35785b620fb1facf7fb08b6dbff12db8a54f,0.98,1.0,0.9455172413793104,1.0,0.9472727272727273,1.0,1.0,2.8077851585095464,3.354201394048043,55.0,11.0,6.0,2.0,0.0,0.0,2.0,2.309401076758503,2.0,2.309401076758503,0.15789473684210525,0.37463432463267754,3.1578947368421053,2.4779731389167603,9.526315789473685,15.396133789770555,7.842105263157895,13.712375423903834,0.0,0.0,90.0,418.0,73.0,11.0,4.0,22.736842105263158,18.98783852090349,41,107,2,6
39,d8a491d3fe070480973fdddc967b13f1b0957c0383b63e907cef3483a991d7cb,1.0,1.0,0.896551724137931,1.0,0.8181818181818182,0.7777777777777778,1.0,6.0554835111129846,6.027448945769605,59.0,10.0,9.0,3.0,0.0,0.0,1.2727272727272727,1.7776875878998424,1.2727272727272727,1.7776875878998424,0.0,0.0,4.409090909090909,7.442855896502624,11.318181818181818,26.67152282623041,6.318181818181818,13.830216620678499,0.22727272727272727,0.8691439785278706,59.0,564.0,92.0,39.0,5.0,29.045454545454547,20.691560903921495,206,257,10,15
40,973271f9b2e02442f49f35fd3ca19313220a698765b2311529ba86dcf4658b15,0.88,1.0,0.8506896551724139,0.75,1.0,0.8522222222222222,0.6666666666666666,7.589789941062438,8.34570670166982,59.0,9.0,6.0,2.0,0.0,0.0,2.1176470588235294,2.891417319870492,2.1176470588235294,2.891417319870492,0.058823529411764705,0.24253562503633297,6.647058823529412,4.834009418570006,9.588235294117647,13.761626100907424,6.411764705882353,8.039424913585329,0.29411764705882354,0.8488746876271654,88.0,377.0,183.0,22.0,25.0,23.58823529411765,19.55140283818981,7,102,0,1
41,271f8300dc575dbe01a2f6577e726239d1ba758586a4bfd998e98ea9bdd036aa,0.81,1.0,0.7817241379310346,0.5,0.6363636363636364,0.5188888888888888,1.0,6.674666232890212,6.945588729147148,60.0,9.0,6.0,3.0,0.0,0.0,1.5,2.5952445198183276,1.5,2.5952445198183276,0.0,0.0,2.8333333333333335,3.434256491157704,22.666666666666668,28.551295427497426,18.555555555555557,24.541015421300248,0.1111111111111111,0.4714045207910317,165.0,579.0,281.0,19.0,3.0,29.166666666666668,19.847210501878656,511,148,9,1
42,48d29ccec3cff9b11c912703cf6d26bf21b0cd55fbb45a1492f4a4327e081227,0.84,1.0,0.8075862068965518,0.875,0.7654545454545455,0.8333333333333334,1.0,2.48592684612687,4.125142080914196,58.0,9.0,6.0,3.0,0.0,0.0,2.0,3.199264621385211,2.0,3.199264621385211,0.2222222222222222,0.5483188805533161,3.4444444444444446,2.9550001935348242,21.833333333333332,42.101068870041765,4.555555555555555,4.59183703110873,0.0,0.0,107.0,547.0,356.0,14.0,8.0,28.0,21.641463471227418,68,473,1,2
43,44e3ee5571d07750644441808e51375fcac7e6011575c3150e483814d265347c,0.96,1.0,0.9310344827586208,1.0,1.0,1.0,0.6666666666666666,7.5377805013159245,7.951471948104575,60.0,12.0,6.0,2.0,0.0,0.0,3.05,5.325954325159409,3.05,5.325954325159409,0.15,0.6708203932499369,4.15,4.380278770268299,29.4,42.762994331671,16.5,21.47581258802073,0.45,1.234376040972246,237.0,834.0,450.0,27.0,16.0,23.75,19.493251193817393,363,771,10,18
44,aa8a30f09336b8633d3ab3ec7c69dae3d8feffe6b24445554b679048e86dd971,0.96,1.0,0.9310344827586208,1.0,0.8181818181818182,1.0,1.0,8.21100383942286,9.062833204794712,57.0,9.0,6.0,2.0,2.0588235294117645,2.6568446566202857,1.2941176470588236,2.1437323142813605,1.2941176470588236,2.1437323142813605,0.058823529411764705,0.24253562503633297,2.1176470588235294,2.666513475992023,5.176470588235294,8.854626573984127,3.0,5.062114182829147,0.35294117647058826,0.8617697249402124,79.0,186.0,76.0,17.0,5.0,25.352941176470587,18.65121033763824,32,386,1,15
45,7c3265912880c7f83128dda3e6948d61d26700caadf71338097113a12745e3c3,0.89,1.0,0.8593103448275863,1.0,0.7654545454545455,0.9444444444444444,0.6666666666666666,1.7835255178758325,2.2768018313030076,53.0,8.0,5.0,1.0,0.0,0.0,2.9285714285714284,3.7919811285291067,2.9285714285714284,3.7919811285291067,0.5714285714285714,1.2224996910042532,4.571428571428571,3.936306072259307,16.928571428571427,20.055554709986822,7.785714285714286,8.603921927090722,0.0,0.0,90.0,416.0,197.0,9.0,3.0,24.071428571428573,17.851801398929272,0,329,0,8
46,899b1d31bd8a80ec072db6c36fec721c6d5c130f34cd26ff3c02200c6e9cebf3,0.94,1.0,0.9051724137931034,1.0,0.9772727272727273,0.9444444444444444,0.6666666666666666,7.926787605035001,7.115576556491745,54.0,8.0,7.0,2.0,0.0,0.0,2.176470588235294,2.7211048794020933,2.235294117647059,2.727851988394575,0.23529411764705882,0.562295714538387,3.764705882352941,3.8815172897448535,7.764705882352941,11.971473446096276,4.235294117647059,6.619378858366413,0.6470588235294118,0.9963167462326072,118.0,206.0,162.0,24.0,4.0,25.705882352941178,17.652070366823665,165,57,9,6
47,10d6c6ace02e8bdb118e18b12742ff590223b153256b9b0ccc40622f57b02faa,0.92,1.0,0.8879310344827587,1.0,0.7954545454545454,0.8888888888888888,1.0,9.363479845670609,8.702755018544268,54.0,8.0,5.0,2.0,0.0,0.0,2.2666666666666666,2.374467358818655,2.2666666666666666,2.374467358818655,0.3333333333333333,1.0465362369445672,3.3333333333333335,3.352326839390103,11.066666666666666,20.526869730974106,6.0,7.937253933193772,0.0,0.0,71.0,171.0,322.0,19.0,9.0,27.133333333333333,17.565659137999376,12,340,1,0
48,c0024aa2bbc88086695de44f6c52dd394070db29fff6e875192b864923681db7,0.83,1.0,0.8048275862068967,0.5,0.7272727272727273,0.7044444444444444,1.0,1.088654747092917,2.282470847949542,59.0,6.0,5.0,3.0,2.2857142857142856,2.2677868380553634,2.357142857142857,2.9770181999170515,2.357142857142857,2.9770181999170515,0.21428571428571427,0.5789342235218394,3.0714285714285716,2.5256921584232868,10.285714285714286,12.766714964665383,6.142857142857143,6.585031310680106,3.5,4.345643264767069,62.0,335.0,234.0,23.0,10.0,30.214285714285715,20.655334834924783,239,408,12,6
49,66bf6984d3207a20ed14bed8af5494581e1d0d89eb1fd8a3c95870a830550611,0.95,1.0,0.913793103448276,1.0,0.7727272727272727,1.0,1.0,8.091779343064093,8.172506780211242,53.0,10.0,7.0,2.0,0.0,0.0,1.4736842105263157,2.4351231101124045,1.4736842105263157,2.4351231101124045,0.2631578947368421,0.9334586382051248,4.2631578947368425,3.9699161097092035,6.105263157894737,10.240956643910575,2.789473684210526,2.507299285606395,0.05263157894736842,0.22941573387056174,57.0,293.0,134.0,22.0,1.0,23.57894736842105,18.108671309850074,368,118,6,1
50,58cc096a765a4678a3e2eb2468d17bff2de109a7ae606107c1f57c18f1dd8a84,1.0,1.0,0.9655172413793104,1.0,1.0,1.0,1.0,7.030889196031547,7.967956820109368,54.0,12.0,5.0,2.0,0.0,0.0,1.5789473684210527,1.7099639201419234,1.5789473684210527,1.7099639201419234,0.0,0.0,5.947368421052632,6.56991192407162,1.3157894736842106,2.8294607177369286,0.5789473684210527,1.261207070569223,0.05263157894736842,0.22941573387056177,61.0,197.0,80.0,25.0,7.0,21.0,19.026297590440446,142,151,4,8
51,12ff41eebc00afc9dc26675eea4f4a24f40b6f6d471cb6b1b9ae324d361edfa7,0.96,1.0,0.9310344827586208,1.0,0.8181818181818182,1.0,1.0,2.2138709373154932,3.6579260636061814,59.0,8.0,8.0,4.0,0.0,0.0,1.15,1.8715318802914818,1.15,1.8715318802914818,0.2,0.8944271909999159,3.85,2.7582412397834433,24.4,27.348433997310764,8.9,10.492603911427576,0.0,0.0,193.0,786.0,348.0,69.0,2.0,31.1,18.555464509353968,974,383,21,15
52,707ebb8a4f6f387d8281dc36008c017d6c811d33235fe495b7664d92dcba38c2,0.91,1.0,0.8824137931034484,0.875,0.9772727272727273,0.8155555555555556,1.0,4.073299899213205,7.334483395107155,54.0,5.0,4.0,1.0,0.0,0.0,3.3,3.1640339933558095,3.3,3.1640339933558095,0.1,0.31622776601683794,3.4,2.9888682361946524,5.7,4.715223571935199,4.3,3.7133393177689658,0.2,0.6324555320336759,52.0,115.0,115.0,13.0,5.0,25.8,18.310895360109754,44,164,6,0
53,5c0bfc4f7017aa93adb32dfc691e744a32376f182876d3d679b813f93b32dd03,0.65,-1.0,0.5862068965517241,1.0,0.09090909090909091,0.1111111111111111,0.3333333333333333,0.8936792910068784,0.754684606412596,53.0,5.0,2.0,1.0,0.0,0.0,2.625,2.924648941081891,2.625,2.924648941081891,0.0,0.0,6.375,5.7055737159878515,5.625,6.254998001598403,3.5,3.854496446637726,0.125,0.3535533905932738,100.0,109.0,43.0,12.0,5.0,23.0,18.943525090572315,0,0,0,0
54,62a34fb4bd72553b33299f8e402ad599e9227c4107c608953a554d0fb06bfcb2,0.82,1.0,0.7931034482758621,0.5,0.6363636363636364,0.8888888888888888,0.6666666666666666,1.2870124170352564,0.8343223061952467,53.0,7.0,2.0,1.0,0.0,0.0,2.3,3.093002855909879,2.3,3.093002855909879,0.2,0.6324555320336759,3.0,2.449489742783178,0.3,0.48304589153964794,0.3,0.48304589153964794,0.1,0.31622776601683794,28.0,52.0,49.0,9.0,2.0,19.2,17.961687621774914,94,0,3,0
55,a697a0fd74d7a2a32d765c9f06500f5403e42821ecbfd49f5a944709341d72e5,1.0,1.0,0.9655172413793104,1.0,1.0,1.0,1.0,6.930266275838922,6.427906435835897,53.0,8.0,4.0,1.0,0.0,0.0,2.5384615384615383,2.7572747600781646,2.5384615384615383,2.7572747600781646,0.0,0.0,1.7692307692307692,2.9198700357449177,6.538461538461538,14.05118847058488,5.0,10.614455552060438,0.46153846153846156,0.8770580193070292,69.0,167.0,75.0,26.0,14.0,21.307692307692307,19.32349440182691,288,175,2,1
56,b3bd1fadd20c864329b0706db29774f4d428c7e5c315de2ab58521d60df52514,0.92,1.0,0.8851724137931035,1.0,0.7881818181818182,0.8888888888888888,1.0,4.275420677236505,4.1724869517619885,58.0,11.0,5.0,5.0,0.0,0.0,1.3333333333333333,2.243509156061845,1.3333333333333333,2.243509156061845,0.047619047619047616,0.21821789023599236,3.0952380952380953,3.7537283053620425,4.238095238095238,6.774250968961527,2.2857142857142856,3.8097618973218936,0.2857142857142857,0.560611910581388,83.0,259.0,91.0,15.0,1.0,29.333333333333332,20.787816944867814,172,86,15,1
57,d6d7d381dba645ce222ab92350976f0dc9d6c28c0161b11b8031c8b593ee6252,0.92,1.0,0.8851724137931035,1.0,0.9090909090909091,0.8522222222222222,1.0,2.06060692894063,1.3840840421030538,57.0,5.0,4.0,4.0,0.0,0.0,2.3076923076923075,2.52931530209974,2.3076923076923075,2.52931530209974,0.07692307692307693,0.2773500981126146,3.230769230769231,1.7394369852458083,32.92307692307692,39.527335559208346,14.615384615384615,16.214902926723827,0.7692307692307693,1.6908501882113505,115.0,655.0,283.0,25.0,12.0,33.15384615384615,21.520711550527913,0,461,0,15
58,97ad6da85643b6cdc0f528782530c08f9fadda4a32751b8f7c5b778796946677,1.0,1.0,0.9655172413793104,1.0,1.0,1.0,1.0,11.328791206356472,8.239312191079309,54.0,11.0,8.0,3.0,0.0,0.0,1.4090909090909092,2.442853345481973,1.4090909090909092,2.442853345481973,0.0,0.0,6.818181818181818,7.544385257776071,2.3636363636363638,4.041987424233571,2.272727272727273,3.9902478522114286,0.0,0.0,85.0,266.0,141.0,43.0,0.0,23.681818181818183,18.048575629425226,453,353,9,8
59,23ceec34f16e041eecc88d96a29a29cd2f29a9367a7d9342e36a50e74cb50cb8,0.95,1.0,0.913793103448276,1.0,0.9545454545454546,0.8888888888888888,1.0,0.986715777827653,0.4855593049618583,53.0,4.0,3.0,1.0,0.0,0.0,4.125,2.948970764763288,4.125,2.948970764763288,0.25,0.4629100498862757,5.25,2.9154759474226504,21.0,18.890662848538238,12.25,7.7413546249071565,0.625,1.1877349391654208,94.0,269.0,177.0,14.0,2.0,26.25,20.26079958935481,39,269,1,1
60,2ae54ab22dc785e76eecc2dc2acfd1e899a17743a22e7c64dce14b9da3c2efff,0.95,1.0,0.913793103448276,1.0,0.9545454545454546,0.7777777777777778,1.0,2.8662657434707786,3.9093030061942864,58.0,7.0,4.0,4.0,0.0,0.0,1.6666666666666667,2.126924898488314,1.6666666666666667,2.126924898488314,0.0,0.0,4.4,2.746426249302381,12.533333333333333,11.843422928641308,8.466666666666667,8.314072980423585,0.13333333333333333,0.5163977794943222,120.0,349.0,130.0,17.0,10.0,29.933333333333334,20.964141720930005,439,117,12,1
61,9aac924687dd122a1528b4ea0f74686cd8c6f014cf254ec9af843ba82add0273,0.96,1.0,0.9224137931034484,1.0,0.9772727272727273,0.8888888888888888,1.0,11.588163915571256,7.3810485831140324,53.0,9.0,14.0,2.0,0.0,0.0,1.52,2.7706798203088474,1.52,2.7706798203088474,0.16,0.3741657386773941,6.48,8.098971128071351,60.16,52.74520515332808,33.4,31.029555803029687,1.36,1.9765289440498124,752.0,2575.0,786.0,48.0,6.0,28.96,17.290363404702248,1677,893,10,6
62,c0cc97f8a91c4764736b166eaf13193df15b34b5a63cdf8fc3009e5182f124ab,0.92,1.0,0.8879310344827587,1.0,0.8863636363636364,0.8888888888888888,1.0,5.205079608175335,7.908839265126228,50.0,8.0,6.0,2.0,0.0,0.0,1.875,2.526525941551627,1.875,2.526525941551627,0.125,0.3415650255319866,3.375,3.757215280851853,16.9375,23.71066918780095,13.0625,19.611115045640148,0.5,1.751190071541826,101.0,444.0,183.0,58.0,14.0,22.9375,18.512945920805436,216,451,9,6
63,e292ae40f3efce5fba5e2c173d28d036a8ef6fdb9d04c0d580ebf64c58ac554f,0.88,1.0,0.8506896551724139,0.625,0.9090909090909091,0.9077777777777778,1.0,11.024619255596573,8.473057510502858,58.0,11.0,6.0,3.0,0.0,0.0,2.2,3.302311789927586,2.2,3.302311789927586,0.15,0.36634754853252327,5.65,4.891184336183448,73.6,81.30087071457088,53.5,62.423426776542115,0.8,1.1964860832322377,692.0,1785.0,822.0,127.0,7.0,24.1,18.973388566205315,1354,705,6,1
64,8d8a9fb476b2d7cbf76bd003dc22157aca9c8660570b7bd18c31752a620b3454,0.7,1.0,0.6724137931034483,-0.25,0.5909090909090909,0.5555555555555556,0.3333333333333333,11.26256613100248,8.25064749912152,52.0,7.0,5.0,2.0,0.0,0.0,2.2857142857142856,3.196839098200005,2.2857142857142856,3.196839098200005,0.35714285714285715,0.8418973861410954,4.785714285714286,4.964157243969729,0.42857142857142855,0.646206172658864,0.5,0.8548504142651103,0.0,0.0,40.0,110.0,62.0,9.0,2.0,27.142857142857142,18.81839175200336,90,19,3,0
65,1e3dc91b09b1fcd076970730ce053d72aceb9a9250f5af657ac3bcc66bc2447d,0.79,1.0,0.7644827586206897,0.75,0.6363636363636364,0.9077777777777778,0.6666666666666666,3.449057348824593,3.177876283554178,58.0,10.0,12.0,5.0,0.0,0.0,1.3703703703703705,3.0400929660398943,1.3703703703703705,3.0400929660398943,0.1111111111111111,0.4236592728681617,2.814814814814815,3.3054388401430037,18.555555555555557,32.966572035849765,11.11111111111111,19.31785410389796,0.1111111111111111,0.4236592728681617,185.0,756.0,330.0,15.0,4.0,28.962962962962962,17.705890982906663,261,12,8,1
66,a6861faa88eb0c81aeaadd7c7e4cf7c302198716c65e7a09a6ad8cf9d07bfeab,0.94,1.0,0.9110344827586208,1.0,0.9318181818181818,0.9077777777777778,1.0,12.767858935837923,7.308442859790054,58.0,9.0,9.0,4.0,0.0,0.0,1.5454545454545454,2.344746361088017,1.5454545454545454,2.344746361088017,0.13636363636363635,0.35125008665710444,4.636363636363637,4.282249681845086,68.63636363636364,85.57344128182443,32.27272727272727,44.6810728205833,0.8636363636363636,1.8072724659645998,509.0,1710.0,1024.0,110.0,18.0,26.5,19.58315602756614,429,878,1,1
67,64432e50bf5a6ad2ae8463c540422e9080030d47b8832e2a792e506f127404e1,0.86,1.0,0.8275862068965517,0.5,0.6363636363636364,0.7777777777777778,1.0,2.924134956212439,3.0592655692578727,54.0,11.0,5.0,3.0,0.0,0.0,0.9473684210526315,1.8995228702237106,0.9473684210526315,1.8995228702237106,0.21052631578947367,0.9176629354822471,1.736842105263158,2.20711237349614,2.1578947368421053,5.95597886249828,2.0,5.497474167490214,0.0,0.0,23.0,138.0,39.0,5.0,0.0,24.894736842105264,18.363292905026306,21,2,0,1
68,b9e071e7e9fe3e5c62f6d44de8b7ad1d5f8f87f81f6880b4d83073caa666b355,1.0,1.0,0.9655172413793104,1.0,1.0,1.0,1.0,1.370083589643907,0.8042726521716056,52.0,7.0,4.0,2.0,0.0,0.0,2.4615384615384617,2.5038431998091992,2.4615384615384617,2.5038431998091992,0.15384615384615385,0.554700196225229,4.6923076923076925,4.250188532771524,13.23076923076923,11.973260807272778,6.6923076923076925,4.661627315730981,0.38461538461538464,1.1208970766356101,136.0,370.0,162.0,53.0,6.0,21.923076923076923,19.529727504761972,0,197,0,8
69,31bf5166c212e5f7977e87b6e19779ab803c2cf58f441928d0c1fa98ad96c6d5,0.9,1.0,0.8679310344827587,0.875,0.8181818181818182,0.741111111111111,1.0,6.572654821518142,6.104375993334916,58.0,14.0,5.0,2.0,0.0,0.0,0.9523809523809523,1.774153050787628,0.9523809523809523,1.774153050787628,0.0,0.0,4.095238095238095,5.5218181960723935,7.0476190476190474,20.36780840069984,1.5238095238095237,3.544277748978593,0.19047619047619047,0.6796357567879737,55.0,274.0,200.0,23.0,5.0,21.714285714285715,18.732706310469016,49,253,3,6
70,5429992265b8c3d582ac073a20709876903603e69c300c043a0e67e0eccff797,0.87,1.0,0.8362068965517241,0.5,0.9772727272727273,0.8333333333333334,0.6666666666666666,3.122163908548189,4.090840012782017,58.0,10.0,5.0,3.0,0.0,0.0,1.8888888888888888,2.5642081426227494,1.8888888888888888,2.5642081426227494,0.2222222222222222,0.5483188805533161,3.0555555555555554,4.235316811849148,6.944444444444445,8.98018879810849,4.444444444444445,5.913317196078519,0.05555555555555555,0.23570226039551584,113.0,292.0,98.0,16.0,3.0,24.555555555555557,19.551507305282033,543,75,12,2
71,3a689edc121087c35244893410cd3ea079eb4a2122e973397a73fd3ce29fb7b0,0.98,1.0,0.9482758620689656,1.0,0.9545454545454546,1.0,1.0,4.675010154442844,5.306313970143731,58.0,6.0,9.0,2.0,0.0,0.0,2.0588235294117645,2.410150105161868,2.0588235294117645,2.410150105161868,0.11764705882352941,0.3321055820775357,8.117647058823529,9.584377607213055,15.764705882352942,27.82429112251718,8.764705882352942,12.577407382707621,1.1764705882352942,1.6671567906786338,131.0,562.0,233.0,50.0,12.0,31.11764705882353,19.97774497078304,0,149,0,1
72,21826b2c97a50ed9fff55d1e6271d6de6e3def09c12f472c38ef61a929cdb9c6,0.96,1.0,0.9224137931034484,1.0,0.7954545454545454,1.0,1.0,3.9946270429839714,5.616580556354416,53.0,8.0,4.0,3.0,0.8666666666666667,2.474633209954462,1.8666666666666667,2.7740292167239504,1.8666666666666667,2.7740292167239504,0.13333333333333333,0.5163977794943222,5.533333333333333,4.838338951491907,13.333333333333334,24.274226975088112,4.733333333333333,8.16321598624557,0.06666666666666667,0.2581988897471611,52.0,365.0,279.0,16.0,5.0,23.6,19.511168962563836,406,319,10,4
73,d1dcfb9ed1c2fd5bc33625728d40838e3379692cb03a50bcdeeb97c8886a8720,0.88,1.0,0.8506896551724139,0.5,0.8181818181818182,0.741111111111111,1.0,0.9628639844992389,1.8115273886938879,57.0,7.0,8.0,2.0,0.0,0.0,1.8235294117647058,2.8990363510494106,1.8235294117647058,2.8990363510494106,0.0,0.0,3.1176470588235294,2.666513475992023,4.352941176470588,6.071873438966225,2.5294117647058822,3.2426387221448123,0.47058823529411764,0.7998161553463028,75.0,196.0,119.0,10.0,5.0,28.647058823529413,19.890139442920542,54,75,1,9
74,b93859e33948be52a516c542caac7ef3b6afaa80b04b71ba11f4fa44b9513e52,0.95,1.0,0.913793103448276,1.0,0.8636363636363636,1.0,1.0,1.118014973099977,1.6222175995606987,53.0,8.0,5.0,2.0,0.0,0.0,2.8666666666666667,3.9436507137905803,2.8666666666666667,3.9436507137905803,0.26666666666666666,0.5936168397046636,4.8,6.155137227204141,11.266666666666667,17.33891851408545,5.8,10.26923282709779,0.06666666666666667,0.2581988897471611,78.0,313.0,193.0,32.0,3.0,25.6,19.602477977468634,621,20,15,1
75,3c92cfd91e1676503fc3ab895b498919a633bec40428dde6c99aabb3df33d2d9,0.96,1.0,0.9224137931034484,0.875,0.9772727272727273,0.9444444444444444,1.0,1.5597475748150371,2.967564712186658,57.0,10.0,6.0,2.0,0.0,0.0,2.0,2.2228757209048453,2.0,2.2228757209048453,0.1111111111111111,0.32338083338177726,5.444444444444445,5.913317196078519,26.88888888888889,23.12342557791808,24.166666666666668,22.576015383327395,0.16666666666666666,0.5144957554275266,151.0,722.0,330.0,96.0,14.0,22.38888888888889,19.199077456049775,52,705,0,18
76,9d3732f2c95fa97f36b2d111f7e4e989757c40ecc6c39df5ed2bce291b78bf53,1.0,1.0,0.9655172413793104,1.0,1.0,1.0,1.0,4.021456670220032,5.049928863740482,58.0,9.0,4.0,3.0,0.0,0.0,1.625,2.217355782608345,1.625,2.217355782608345,0.0,0.0,2.75,3.0441200151549,8.5,12.027745701779143,5.8125,9.034886090409035,0.75,1.4375905768565218,74.0,273.0,78.0,23.0,14.0,24.375,20.848261318392957,60,127,0,3
77,7658dcaa5d4a2759120193178da41d7563003907a9768562f2350b8272266d8e,0.69,1.0,0.6693103448275862,0.5,0.6590909090909091,0.46222222222222226,0.3333333333333333,6.220836603039393,5.801968203267153,58.0,6.0,6.0,4.0,0.0,0.0,1.75,2.5948667274704755,1.75,2.5948667274704755,0.3125,0.7932002689527194,6.875,7.473285756613352,18.8125,25.14549330065595,6.5625,7.737086014773262,0.375,0.6191391873668903,98.0,579.0,289.0,20.0,6.0,28.875,19.939491802283563,526,119,6,0
78,5ae8a8012947f826ab1afb8372b657f5694323c84a85b9d97171ce913f59ae95,0.94,1.0,0.9051724137931034,1.0,0.9772727272727273,0.8333333333333334,1.0,7.094656924050349,8.984765278465908,54.0,11.0,5.0,2.0,1.5,2.895229341723462,1.8888888888888888,2.741594402766581,1.8888888888888888,2.741594402766581,0.1111111111111111,0.32338083338177726,3.3333333333333335,4.29774222531949,12.833333333333334,17.938620840161008,9.277777777777779,13.145366240419902,0.16666666666666666,0.5144957554275266,118.0,451.0,197.0,24.0,6.0,21.055555555555557,19.41943302686686,35,524,8,12
79,6ba3bafae39c12bb6442b032f0652235913b778c6e82eb64403a8620a89c4bb0,0.92,1.0,0.8851724137931035,1.0,0.9090909090909091,0.9633333333333334,0.6666666666666666,3.9650241418320236,6.4259751650723755,52.0,5.0,7.0,1.0,0.0,0.0,2.8461538461538463,3.0234129127569793,2.8461538461538463,3.0234129127569793,0.9230769230769231,2.1393744592574433,5.461538461538462,6.514284107704962,11.846153846153847,14.696066105402458,9.23076923076923,13.090415362354793,0.9230769230769231,1.3821202589704016,69.0,360.0,174.0,23.0,3.0,27.53846153846154,19.302915948181614,0,64,0,1
80,ad632887a7267eeb69a7502dee2c2d3dbf3675ea2f7432b7f79cc2288854794b,0.88,1.0,0.8506896551724139,1.0,0.6363636363636364,0.741111111111111,1.0,2.6407840757289054,4.2676088215195005,58.0,7.0,6.0,3.0,0.0,0.0,1.5,2.3944379994757297,1.5,2.3944379994757297,0.1875,0.75,3.625,3.99791612384919,9.625,14.934858553063032,8.3125,14.220730173470933,0.1875,0.4031128874149275,104.0,268.0,121.0,14.0,3.0,28.8125,19.232676187502697,260,168,8,0
81,0f5294148a6c572e2b36ff80c2afded5150641385de8c13ae67d76f4d94db2d6,0.98,1.0,0.9482758620689656,1.0,0.9545454545454546,1.0,1.0,4.677826833983199,5.877966107312431,52.0,8.0,8.0,2.0,0.0,0.0,1.7777777777777777,2.1019754169815523,1.7777777777777777,2.1019754169815523,0.1111111111111111,0.4714045207910316,4.555555555555555,5.008489524822972,16.166666666666668,17.597626845351485,10.666666666666666,11.75735064194511,0.6111111111111112,1.5392469086379983,118.0,589.0,267.0,16.0,14.0,26.555555555555557,18.036636644283448,152,202,4,1
82,6cf59637f5e4d59898d00ce23cb2d7b3b6e0a7fcf62df7df9cd8f996e2503d3a,0.96,1.0,0.9310344827586208,1.0,1.0,0.8888888888888888,1.0,0.6296095584351734,0.724064642664379,53.0,6.0,3.0,2.0,0.0,0.0,3.090909090909091,3.144981572427586,3.090909090909091,3.144981572427586,0.36363636363636365,0.8090398349558905,5.181818181818182,4.95617154299933,10.090909090909092,10.820855284630188,3.8181818181818183,4.750119615718783,0.2727272727272727,0.6466697906828633,93.0,217.0,148.0,15.0,14.0,25.09090909090909,22.097305471276563,270,6,4,0
83,0e7e364dcfa74ba62bf6c7b1e2903865569e0817575fa4021140c7811f89f6c0,0.95,1.0,0.913793103448276,1.0,0.9545454545454546,0.8888888888888888,1.0,6.8628613074353355,7.5303212331124785,58.0,7.0,5.0,4.0,0.0,0.0,1.9375,2.670049937111039,1.9375,2.670049937111039,0.625,1.5438048235879214,9.0625,6.913453068715613,32.375,45.56588636249711,12.9375,17.927516094912125,0.0,0.0,177.0,783.0,575.0,63.0,5.0,30.0625,22.275453605557246,930,233,9,0
84,8617d59a0156ef1a95e14418a4d1039fb7e63d382072169a7205ca71c988fa58,0.97,1.0,0.9396551724137931,1.0,0.9318181818181818,1.0,1.0,6.168374867192948,7.459450254109647,57.0,8.0,9.0,2.0,0.0,0.0,1.7894736842105263,2.9359637329053765,1.7894736842105263,2.9359637329053765,0.15789473684210525,0.6882472016116853,4.2105263157894735,5.006428615827866,15.578947368421053,28.605197254022222,10.0,17.394124167532997,0.42105263157894735,0.837707816583391,81.0,545.0,206.0,18.0,0.0,25.42105263157895,18.194369670843184,285,279,4,1
85,f184b68ddbff9e99fcf54a1b6747c775856cc2b689d6a8bb33371b17062ced78,0.8,1.0,0.7758620689655172,0.0,0.7272727272727273,0.7222222222222222,1.0,4.23789717508107,3.6911228958921742,51.0,8.0,6.0,1.0,0.0,0.0,2.2,2.569046515733026,2.2,2.569046515733026,0.13333333333333333,0.35186577527449836,6.6,4.484895284651105,31.6,32.27958222423934,20.0,22.95959183310664,3.4,3.6015869518072963,319.0,771.0,267.0,44.0,7.0,23.733333333333334,16.06889927187061,166,170,4,4
86,ab004c4551c0ea7975fac7fbe95360c9aec8470caadb270fedaafaa2a4c8776d,1.0,1.0,0.9655172413793104,1.0,1.0,1.0,1.0,9.39899399895717,7.7732896993936205,58.0,4.0,7.0,3.0,0.0,0.0,1.9285714285714286,2.36852065853142,1.9285714285714286,2.36852065853142,0.0,0.0,5.071428571428571,5.6631641836899425,6.285714285714286,8.765567000209675,3.7857142857142856,5.465677119408571,0.42857142857142855,0.8516306272526402,75.0,210.0,125.0,17.0,22.0,31.071428571428573,19.56238260506151,43,180,0,1
87,4d54a47998e7473d7c089b8466114420bcee01421f9f21c45091911dd25ecfd5,1.0,1.0,0.9655172413793104,1.0,1.0,1.0,1.0,3.667512174635945,5.255018832172658,51.0,9.0,7.0,1.0,0.0,0.0,1.8235294117647058,2.6747732174346823,1.8235294117647058,2.6747732174346823,0.0,0.0,4.352941176470588,3.3900806861818977,13.941176470588236,23.76570688049088,7.882352941176471,8.586925766399,1.0,3.082207001484488,211.0,402.0,119.0,20.0,6.0,22.352941176470587,16.514921951339144,84,197,0,4
88,22665fadf0c85a3d1c2403f498e72519305ef9a1b31b6b0e26ab9b1fe283fd46,0.71,-1.0,0.6810344827586207,1.0,0.6590909090909091,0.5,0.3333333333333333,10.757540850808676,7.686017364337688,56.0,8.0,8.0,5.0,0.0,0.0,1.7142857142857142,2.7774602993176543,1.7142857142857142,2.7774602993176543,0.42857142857142855,0.6761234037828132,5.904761904761905,5.761117616441812,28.523809523809526,42.23105379648849,13.142857142857142,16.956667462345646,0.6666666666666666,1.2382783747337807,308.0,1151.0,328.0,111.0,47.0,30.571428571428573,19.239468362123286,1053,92,12,4
89,f6a0a2fa3f70f1cdd2a58e0144e8f1fb6f0ba85d57c824b1c3c8466808ffaabf,1.0,1.0,0.9655172413793104,1.0,1.0,1.0,1.0,8.221450990528176,5.9130949489731846,53.0,7.0,5.0,1.0,0.0,0.0,2.0,2.0816659994661326,2.0,2.0816659994661326,0.0,0.0,3.923076923076923,3.2005608482873344,23.076923076923077,22.59963693831363,19.23076923076923,19.896205024048538,1.6153846153846154,2.142368686697878,154.0,403.0,254.0,31.0,16.0,22.53846153846154,17.533850046008077,6,158,1,0
90,c9682a85b34bfad222ff78c56876b31238e101d4aa9ad69e1f99973e2e443492,0.75,1.0,0.7213793103448276,0.25,0.6136363636363636,0.6855555555555556,1.0,16.861721560386474,7.774990472334832,58.0,10.0,6.0,3.0,0.0,0.0,2.0,2.449489742783178,2.0,2.449489742783178,0.3157894736842105,0.4775669329409193,4.2631578947368425,5.60597008418662,11.052631578947368,18.548655789003885,7.368421052631579,14.904177364885879,0.05263157894736842,0.22941573387056177,54.0,490.0,115.0,9.0,3.0,25.526315789473685,19.94817847727966,209,167,1,4
91,1f89799aef31f17cf4ad223fd2017be86581bd13b55b139a83f7359a50d0afb8,1.0,1.0,0.9655172413793104,1.0,1.0,1.0,1.0,11.250489758818276,9.317692236432865,53.0,12.0,5.0,3.0,0.0,0.0,1.8,2.375311613906246,1.8,2.375311613906246,0.0,0.0,3.7,3.096687534158157,20.4,29.130197751691142,17.55,24.33424055025952,0.0,0.0,142.0,726.0,192.0,21.0,20.0,21.75,18.800545904728125,203,298,12,1
92,17afbe11b0154bff8b621e1d5d82aae8703bc246117faebdb4e75a50a6173ddc,0.86,1.0,0.833448275862069,1.0,0.7727272727272727,0.8522222222222222,1.0,10.653466636272832,8.585444873352214,55.0,6.0,5.0,2.0,0.0,0.0,2.4615384615384617,3.0717905911532184,2.4615384615384617,3.0717905911532184,0.15384615384615385,0.3755338080994054,4.230769230769231,4.186363699637314,3.8461538461538463,4.651991577918606,3.0,3.4880749227427255,0.6923076923076923,1.9741924671712983,62.0,136.0,90.0,25.0,6.0,24.384615384615383,18.323657120138716,276,25,4,0
93,d17a28b82824b5bedcd8ca3a2ecda440bcae33606b4b9dfa07f3bcdbc90d0b56,0.86,1.0,0.8275862068965517,1.0,0.8636363636363636,0.8333333333333334,0.6666666666666666,3.7641809623499456,4.6016637571274925,55.0,10.0,6.0,4.0,0.0,0.0,1.7,2.7928480087537886,1.7,2.7928480087537886,0.2,0.6958523739384594,3.6,3.4853075073876383,14.0,24.505638448925865,6.25,10.145649832628553,0.35,0.7451598203705946,82.0,410.0,331.0,18.0,9.0,26.45,20.507957377307807,407,30,15,1
94,42eeb7a3bb064eb4b97af10e7f5008dfdca3a061f702f257591e2d31d009383d,0.96,1.0,0.9310344827586208,1.0,1.0,0.7777777777777778,1.0,3.181412905756071,5.450018612182519,56.0,9.0,7.0,4.0,0.1,0.3077935056255462,2.45,3.086046696102688,2.5,3.153944898227081,0.05,0.22360679774997896,3.45,5.010252646219287,10.1,15.365374607932775,6.35,11.216881075086405,0.3,0.8013147091860318,63.0,419.0,191.0,20.0,1.0,28.2,18.028048322427736,111,151,4,8
95,e5b569075849387884faa4865ef9ccf0912e2c0b745b11a0013867625799851e,0.99,1.0,0.956896551724138,1.0,0.9772727272727273,1.0,1.0,5.9678875199639165,6.564835485963521,51.0,9.0,3.0,2.0,0.0,0.0,3.5714285714285716,4.070801956792859,3.5714285714285716,4.070801956792859,0.14285714285714285,0.36313651960128146,5.285714285714286,5.2246247039096785,18.642857142857142,27.2893530742081,13.428571428571429,18.24075861156204,0.35714285714285715,0.7449463436684919,113.0,466.0,196.0,70.0,4.0,20.142857142857142,19.154662589069506,59,415,3,1
96,522d1496b5d23068433b865816075fe03fcb6ff0da06144b2f01b7d2376ccb1c,0.99,1.0,0.956896551724138,1.0,0.9772727272727273,1.0,1.0,15.533884201336683,9.628292661148587,57.0,8.0,6.0,2.0,0.0,0.0,1.9375,2.322893310794392,1.9375,2.322893310794392,0.4375,1.3149778198382918,4.4375,6.6128032381635755,43.875,74.45613921408139,32.5625,57.792697058826846,0.9375,2.0806649578119654,183.0,1054.0,321.0,145.0,11.0,25.375,17.764665303161028,412,275,2,4
97,158d31212198e83114c90cd4ba75b983aeb70e7f6f7f977d7e6b75c7cb4e602d,0.82,1.0,0.7931034482758621,0.5,0.6363636363636364,0.7777777777777778,0.6666666666666666,2.786854445250733,4.2234461878079745,52.0,6.0,5.0,2.0,0.0,0.0,1.7692307692307692,2.2043081361221617,1.7692307692307692,2.2043081361221617,0.23076923076923078,0.5991446895152781,4.615384615384615,4.1540835639657345,19.384615384615383,22.585166450343987,7.538461538461538,8.17124413839354,0.23076923076923078,0.5991446895152781,115.0,322.0,194.0,130.0,0.0,28.307692307692307,19.228384467520126,43,311,2,1
98,207f0efc7f481c0e48e2df0131da3155a64114693b46121c97b19ac8ea8ad8a5,0.53,1.0,0.4768965517241379,0.5,0.045454545454545456,-0.07444444444444444,0.3333333333333333,2.898840403466225,3.693921904661678,57.0,4.0,2.0,3.0,0.0,0.0,1.8888888888888888,3.100179206289712,1.8888888888888888,3.100179206289712,0.1111111111111111,0.33333333333333337,4.777777777777778,4.969350505291858,12.222222222222221,22.47653096997943,4.222222222222222,7.54615428178118,0.4444444444444444,1.0137937550497031,26.0,188.0,142.0,9.0,0.0,31.77777777777778,21.35870886651261,63,111,4,4
99,78142e3efeb083f0106ce58386cd8d3ca7c885656f091efa54cfa1a941621489,0.99,1.0,0.956896551724138,1.0,0.9772727272727273,1.0,1.0,7.686064488452038,5.4549152743924,57.0,9.0,7.0,3.0,0.0,0.0,1.736842105263158,2.5785893056121876,1.736842105263158,2.5785893056121876,0.0,0.0,3.789473684210526,4.008032869797866,26.894736842105264,37.95742459481867,17.63157894736842,24.358914695572928,0.10526315789473684,0.3153017676423058,144.0,590.0,537.0,22.0,7.0,25.42105263157895,19.178447942862217,315,175,1,18
100,c169266804b929dc874e33dca54c8be2af80dca72a8cb5664525acb2fce84723,0.95,1.0,0.913793103448276,1.0,0.7727272727272727,1.0,1.0,5.757938067809288,7.063797654768909,52.0,10.0,4.0,2.0,0.0,0.0,1.875,2.9410882339705484,1.875,2.9410882339705484,0.75,2.0816659994661326,3.1875,2.83357842077234,7.5,11.117553687749837,6.1875,9.947989746677466,0.5,1.0327955589886444,63.0,276.0,154.0,20.0,14.0,22.0,18.793615937333612,123,356,9,6
101,2e28aa574ca93cba032255b4d680f62da1e8aba1c5806dd36d8f45ee217445f0,0.99,1.0,0.9541379310344827,1.0,1.0,0.9633333333333334,1.0,14.641747654874402,8.126504203838449,52.0,8.0,7.0,1.0,0.0,0.0,1.8125,1.9397164741270823,1.8125,1.9397164741270823,0.125,0.49999999999999994,9.5,8.861903482510591,209.6875,292.9033330298582,143.4375,213.29665374777917,3.8125,6.939920748827036,1385.0,4969.0,801.0,489.0,61.0,22.1875,18.815662801683782,3026,790,4,1
102,38d5d91f19efab925e9a036a4b964fe00567f706d410523b0a09700f9a1e3768,0.86,1.0,0.833448275862069,1.0,0.7272727272727273,0.9077777777777778,0.6666666666666666,8.006224333472405,7.947586129400223,57.0,9.0,4.0,4.0,0.0,0.0,2.2941176470588234,3.549026378500746,2.2941176470588234,3.549026378500746,0.6470588235294118,1.3200935795706037,4.705882352941177,4.565696905763031,21.88235294117647,28.01758901329033,14.882352941176471,20.978805831544534,1.5294117647058822,2.4009801919951235,151.0,630.0,289.0,43.0,17.0,25.058823529411764,20.25299542115713,611,521,12,6
103,ba90e9c6175edaaa0c119453ae63a7484c9c52ef4b492343dae38bf7e66ade48,0.94,1.0,0.9110344827586208,1.0,0.7954545454545454,0.9633333333333334,1.0,4.973119320484537,5.904549347741206,57.0,7.0,7.0,4.0,0.0,0.0,1.3888888888888888,1.9444911292248124,1.3888888888888888,1.9444911292248124,0.6666666666666666,1.3719886811400708,7.888888888888889,9.461307513725629,8.333333333333334,13.886091221498031,3.8333333333333335,6.308257893195143,0.0,0.0,74.0,367.0,257.0,23.0,4.0,29.77777777777778,19.833292140342785,587,371,10,6
104,0caeffad083bab0c5cfc8a236ab3fb12cc1cc637af294f607fca143a9f32dd96,1.0,1.0,0.9655172413793104,1.0,1.0,1.0,1.0,9.443403826698088,8.756202363985697,57.0,8.0,5.0,3.0,0.0,0.0,2.0625,2.0806649578119654,2.0625,2.0806649578119654,0.0,0.0,2.875,3.2429410519876343,1.625,3.2837986133947576,1.625,3.2837986133947576,0.3125,1.0144785195688801,50.0,98.0,75.0,14.0,4.0,25.1875,20.97687218502002,84,61,1,4
105,b3c7b1b18f612dd5961bfa25e5f514640e3b78a60cd83f13b910ec428b548858,1.0,1.0,0.9655172413793104,1.0,1.0,1.0,1.0,5.267376409541307,5.326713336061301,57.0,9.0,6.0,3.0,0.0,0.0,1.6666666666666667,2.449489742783178,1.6666666666666667,2.449489742783178,0.0,0.0,6.111111111111111,5.634858825820582,39.22222222222222,36.49908226977697,28.944444444444443,30.67758756951021,0.8333333333333334,1.0981267472114393,392.0,988.0,388.0,39.0,11.0,25.0,17.92467901099093,1006,37,12,0
106,30ea76dd6f1011040dfb3015935b78afcb403f2fa909f0c62acc30793ad07f1c,0.98,1.0,0.9482758620689656,1.0,0.9545454545454546,1.0,1.0,4.482940638706586,7.421334549075638,52.0,9.0,5.0,2.0,0.0,0.0,2.375,2.6801741236966925,2.375,2.6801741236966925,0.3125,0.8732124598286489,7.875,5.487865401653604,23.5,41.896698358383006,20.0625,36.9043244981759,1.625,2.578759391645525,266.0,635.0,153.0,131.0,11.0,22.375,19.179416049504738,540,400,15,12
107,dbbf51dfd58a99ace6858d5028b84a5679c0feeb1a18aa4b883de1c889dcd68a,0.99,1.0,0.956896551724138,1.0,0.9772727272727273,1.0,1.0,0.9912324237885065,0.5242352617596853,52.0,4.0,3.0,2.0,0.0,0.0,3.6666666666666665,2.5980762113533156,3.6666666666666665,2.5980762113533156,0.1111111111111111,0.33333333333333337,3.5555555555555554,2.068278940998476,6.111111111111111,4.702245326555294,5.888888888888889,4.314059701848261,1.0,2.0,66.0,149.0,67.0,14.0,3.0,26.444444444444443,20.409012170552934,278,127,8,9
108,2e0dded9419d5cdc6087c3205af343c42c2630d44941e0174a475a89fc1c92e5,0.96,1.0,0.9310344827586208,1.0,0.8181818181818182,1.0,1.0,4.170113343838789,3.3377602022768285,57.0,6.0,7.0,3.0,0.0,0.0,1.5,2.3944379994757297,1.5,2.3944379994757297,0.3125,1.25,4.25,3.9749213828703582,30.8125,39.680757301241115,6.375,7.6496187268821885,0.4375,1.3149778198382918,183.0,645.0,403.0,53.0,14.0,28.5,19.49358868961793,735,213,15,1
109,5d3467ccad60f1b83f5e7f273b95086d91c18b7a29db2e2b8ab5c4c0b2878548,0.93,1.0,0.896551724137931,1.0,0.7727272727272727,0.9444444444444444,1.0,1.1738537130404367,0.5707604624146636,52.0,6.0,3.0,2.0,0.0,0.0,3.0,3.6606010435446255,3.0,3.6606010435446255,0.9090909090909091,1.4459976109624426,4.909090909090909,5.28118444015252,21.363636363636363,25.86995449270341,11.454545454545455,13.713961035117727,0.6363636363636364,0.9244162777371754,165.0,343.0,195.0,73.0,4.0,26.181818181818183,19.41040021132064,260,1,12,0
110,d99d52d47aec336aee66f1367e97952d3d9c9c0eecf0a7255b3e78c4bf1bb2bf,0.93,1.0,0.896551724137931,0.75,0.8181818181818182,1.0,1.0,5.420144962610557,4.162460554468901,57.0,8.0,4.0,3.0,0.0,0.0,1.6666666666666667,1.7182493859684491,1.6666666666666667,1.7182493859684491,0.06666666666666667,0.2581988897471611,7.8,9.38996424761184,9.933333333333334,16.359648383693802,3.8666666666666667,4.8824271871780365,0.8666666666666667,1.6417180315870614,123.0,334.0,193.0,20.0,4.0,23.466666666666665,19.022042351916244,166,85,2,4
111,af1c27e3e8428fb325c8f436dafd368fcbf56aa593eef73f9d624407c7768481,0.98,1.0,0.9482758620689656,1.0,1.0,0.9444444444444444,1.0,2.2209649167818326,3.8599891268068376,50.0,5.0,6.0,1.0,0.0,0.0,2.0833333333333335,2.2343733444579583,2.0833333333333335,2.2343733444579583,0.0,0.0,3.6666666666666665,3.550501458394378,6.75,8.645808232895293,3.1666666666666665,3.099364548751987,0.3333333333333333,0.8876253645985944,61.0,217.0,112.0,8.0,0.0,27.75,19.872891540533754,198,112,2,0
112,5d6d4c73814447aaa9da5272693f62cac31c41d197974a62bb4bc5e693ae7284,0.81,1.0,0.7844827586206896,0.75,0.7045454545454546,0.7777777777777778,1.0,3.9976416087551305,4.035054887677661,52.0,5.0,6.0,1.0,0.0,0.0,2.25,3.0488447886789096,2.25,3.0488447886789096,0.5,1.243163121016122,3.75,3.646293261032983,11.416666666666666,17.722396376713093,9.916666666666666,16.047986751860147,1.0,1.4770978917519928,74.0,224.0,155.0,16.0,3.0,26.166666666666668,17.70892601503718,95,241,4,2
113,1cd4a110f1b1d3e849efd62b1b7b10290136cf78d32a7de6d66618122cab07db,0.94,1.0,0.9110344827586208,1.0,0.9318181818181818,0.9077777777777778,1.0,3.7835261089527354,4.112756468213754,57.0,6.0,5.0,4.0,0.0,0.0,2.3333333333333335,2.9680841985233184,2.3333333333333335,2.9680841985233184,0.4,0.6324555320336759,2.066666666666667,2.6313132697969515,1.2666666666666666,3.1502078540644782,1.2666666666666666,3.1502078540644782,0.0,0.0,65.0,86.0,49.0,14.0,9.0,28.4,20.715073876631138,15,0,0,0
114,58fa8171ec4bb5154c8b1ebc8a211eae8ad9e73cbccc6e473227aa1ecfcbcf7d,1.0,1.0,0.9655172413793104,1.0,1.0,1.0,1.0,8.120794296678676,7.7196476192665555,57.0,9.0,4.0,3.0,0.0,0.0,1.6875,2.088659857420542,1.6875,2.088659857420542,0.0,0.0,4.125,5.0182998449009935,16.6875,22.878574401974145,9.5,12.889272024956774,0.0,0.0,103.0,459.0,213.0,25.0,3.0,23.875,20.764954450548,360,193,0,4
115,5a739a704e6b4d00483a245869f3e50d9fb07e858a5d7892559faef4c712ef88,0.77,1.0,0.7472413793103448,0.5,0.45454545454545453,0.741111111111111,1.0,8.041570015491454,5.299233891707328,57.0,5.0,4.0,3.0,0.0,0.0,2.0,2.593698657761292,2.0,2.593698657761292,0.25,0.8660254037844386,8.0,6.701424543266223,7.666666666666667,17.190554136360802,3.5833333333333335,8.218143268882503,0.3333333333333333,0.8876253645985944,63.0,284.0,87.0,25.0,2.0,29.583333333333332,18.72508445585194,546,86,12,1
116,3721904219c696254e8af0871522bcc19e2f2ee816f8c75cd3108d88ba25c2d3,0.93,1.0,0.896551724137931,0.75,1.0,0.8888888888888888,1.0,4.908234347784247,6.296915851031648,56.0,11.0,4.0,5.0,2.05,2.9995613714429368,1.5,2.4387227027795992,1.5,2.4387227027795992,0.15,0.36634754853252327,2.85,4.094604922783663,15.1,24.45167091481308,9.75,15.91713740463073,1.15,2.5807995497111884,183.0,451.0,279.0,44.0,9.0,25.8,19.85897649347572,248,399,21,15
117,71caadd08fe3f39cff4f7f922f73dbe81f04a31335fd86e0fc225d81dd3c46f3,0.73,1.0,0.7068965517241379,0.5,0.45454545454545453,0.5,0.3333333333333333,2.931335647829504,1.9926716083966585,52.0,7.0,6.0,1.0,0.0,0.0,1.5714285714285714,2.5027457449242148,1.5714285714285714,2.5027457449242148,0.42857142857142855,1.3424596091494903,4.285714285714286,6.497674985699132,12.071428571428571,19.432186961582325,6.714285714285714,9.714608915114718,0.2857142857142857,1.0690449676496976,107.0,296.0,155.0,20.0,6.0,23.642857142857142,17.117724250509575,683,208,6,6
118,aaa770118bbe5533d22c00e76c217742e9a9fe559b3a35ebe4273dd29515d74a,1.0,1.0,0.9655172413793104,1.0,1.0,1.0,1.0,0.6771528440308562,0.30684012157373536,53.0,3.0,5.0,2.0,0.0,0.0,2.7,2.110818693198342,2.7,2.110818693198342,0.0,0.0,4.5,4.06201920231798,14.4,25.255142490633908,6.2,5.959119994689746,0.7,1.0593499054713802,71.0,260.0,139.0,18.0,9.0,30.7,19.113985571942983,124,121,6,4
119,31415d095b6e08c25786638ff243273e3f5422c3b074bfc3aede89827b7cdffb,0.83,1.0,0.7962068965517243,0.875,0.7654545454545455,0.6855555555555556,1.0,3.6621888560120777,4.175013988673607,57.0,7.0,7.0,4.0,0.0,0.0,1.7222222222222223,3.0448713979518676,1.7222222222222223,3.0448713979518676,0.6111111111111112,1.3345582608616182,4.277777777777778,6.926552113642583,20.22222222222222,25.39002943620274,15.777777777777779,20.76069690419164,0.2777777777777778,0.5745131499601417,107.0,615.0,243.0,60.0,2.0,27.444444444444443,19.566544743582458,367,114,4,6
120,7574488aabd038413995357d63c6f82f7f7efb24fb6399680875239ad7bc0cb2,0.79,-1.0,0.7586206896551724,1.0,0.5454545454545454,0.7777777777777778,0.3333333333333333,4.22839720244933,3.963855564759396,52.0,8.0,4.0,1.0,0.0,0.0,1.9230769230769231,2.5968422639024005,1.9230769230769231,2.5968422639024005,0.15384615384615385,0.554700196225229,4.846153846153846,6.256278897317929,4.6923076923076925,6.210000206449478,2.5384615384615383,3.044541142640508,0.38461538461538464,0.9607689228305227,68.0,173.0,81.0,12.0,2.0,20.46153846153846,19.346039149377084,287,47,3,0
121,6136fff999c8f3a820c9164019fcf438bd66a7e4b1e2687a5093b32302525a0c,0.78,1.0,0.7527586206896552,0.5,0.5754545454545454,0.6111111111111112,1.0,6.312470423769164,6.439825673622596,56.0,6.0,2.0,3.0,0.0,0.0,1.8181818181818181,2.638870281699418,1.8181818181818181,2.638870281699418,0.36363636363636365,0.9244162777371753,2.8181818181818183,2.891995221924885,17.272727272727273,29.51640529973428,6.636363636363637,10.763574938399671,0.6363636363636364,1.12006493318265,133.0,232.0,83.0,76.0,3.0,27.818181818181817,21.079934448750933,369,70,4,2
122,b932b392476a5fc7d56be3db52d89976e4dd6969498a3e1160145a83625c7a50,0.96,1.0,0.9310344827586208,1.0,0.8181818181818182,1.0,1.0,2.132879971863811,2.663711986657,57.0,10.0,4.0,3.0,0.0,0.0,1.411764705882353,1.8048138245194352,1.411764705882353,1.8048138245194352,0.29411764705882354,0.985184366143778,3.588235294117647,2.5509513796182923,20.88235294117647,21.762589324748262,15.411764705882353,17.713197140583524,0.7058823529411765,1.3585242858683526,200.0,507.0,329.0,25.0,1.0,23.11764705882353,17.70551592350946,0,156,0,6
123,b0edd48038fef245269b6a3304c8c3ef61ab0f4ae2e9e68c2532e21e5b6010d7,0.81,-1.0,0.7241379310344828,1.0,0.45454545454545453,0.5555555555555556,0.3333333333333333,4.641071423173894,6.466334957256299,52.0,8.0,2.0,1.0,0.0,0.0,1.9090909090909092,2.256304299271065,1.9090909090909092,2.256304299271065,0.0,0.0,3.090909090909091,2.586679162731453,3.0,3.5496478698597698,2.3636363636363638,3.5290998079603044,0.0,0.0,39.0,107.0,39.0,7.0,2.0,19.0,15.830350596243912,96,2,2,1
124,9e7845c25f91b5deee4df36ece4a4ecd4fcc9be1e0213cd8471c04b7a31187cd,0.99,1.0,0.9541379310344827,1.0,0.97,1.0,1.0,5.381724345695652,9.241835919796415,57.0,5.0,3.0,2.0,0.0,0.0,3.8,2.7406406388125952,3.8,2.7406406388125952,0.1,0.31622776601683794,4.3,4.3728963196286985,14.2,14.733182502998687,8.9,8.849984306326325,1.3,2.496664441476534,51.0,256.0,137.0,28.0,1.0,24.3,20.04467233179153,0,114,0,1
125,4f824d78da3fa49611ab90980a334dc0269b3320c5e39c6db0acccaf4cc15ccd,0.91,1.0,0.8765517241379311,1.0,0.7954545454545454,0.9633333333333334,1.0,5.3873147036047095,7.551684821423496,56.0,6.0,7.0,2.0,0.0,0.0,2.466666666666667,3.2041639575194445,2.466666666666667,3.2041639575194445,0.2,0.41403933560541256,4.133333333333334,3.461351236287988,18.733333333333334,25.001333297779674,15.0,22.39260081876537,0.8666666666666667,0.9904304018720249,181.0,343.0,293.0,16.0,10.0,29.266666666666666,17.5721641348171,548,255,15,6
126,23fee353d492f20d943f84d18693368991d6f55b503c3a3fe90a0a42e9ccbf33,0.23,-1.0,0.2241379310344827,-0.5,-0.3181818181818182,-0.5555555555555556,-1.0,2.6354658292395556,3.1508834934925107,57.0,5.0,5.0,3.0,0.0,0.0,1.3846153846153846,2.754948926884778,1.3846153846153846,2.754948926884778,0.5384615384615384,1.1982893790305562,2.076923076923077,5.283015844217809,4.846153846153846,13.421662551302118,2.230769230769231,5.035769490254132,0.07692307692307693,0.2773500981126145,47.0,149.0,85.0,8.0,3.0,26.53846153846154,19.607036936668873,8,18,1,0
127,49adb4e5e80854dc452688647218ef25f3984bfff1fe4c6cc47ed6de94f8d3cc,0.95,1.0,0.913793103448276,0.75,0.9545454545454546,1.0,1.0,3.561181160405732,6.048032690803465,57.0,5.0,7.0,2.0,0.0,0.0,3.642857142857143,4.378393503367379,3.642857142857143,4.378393503367379,0.6428571428571429,1.7368026705655182,6.571428571428571,6.148349193254869,13.642857142857142,16.81394633061469,6.714285714285714,9.40890389617582,0.21428571428571427,0.8017837257372732,98.0,458.0,173.0,26.0,6.0,28.928571428571427,18.55330899665272,618,54,15,6
128,60f06032c2e50b2ba4db555b2af70ea3c33eed4b5dc448f0be27c62f875c5096,0.92,1.0,0.8879310344827587,0.75,0.9772727272727273,0.8888888888888888,1.0,8.167556708156214,8.46040536477304,57.0,11.0,8.0,5.0,0.0,0.0,1.4583333333333333,2.5703859745125857,1.4583333333333333,2.5703859745125857,0.16666666666666666,0.3806934938134405,6.708333333333333,6.436844802734703,0.125,0.3378319623460881,0.08333333333333333,0.28232985128663995,0.0,0.0,71.0,202.0,113.0,25.0,8.0,26.708333333333332,20.085640916199132,70,9,1,0
129,ac3d4574d230dee35fa8075479cdc460d29d275452edec232b0df88b26efe596,1.0,1.0,0.9655172413793104,1.0,1.0,1.0,1.0,3.8645394582912966,6.048534971218491,50.0,6.0,9.0,1.0,0.0,0.0,3.125,3.930648801406709,3.125,3.930648801406709,0.0,0.0,3.5,3.8815804341359033,25.4375,27.084974309261092,22.125,23.542514733987108,0.6875,1.138346754435279,207.0,570.0,264.0,26.0,31.0,23.4375,16.443717138570992,346,216,4,8
130,c71daa673fb0966a1e07d4495d349b1cbeeb22978e26a6242adce38cca3cf516,0.8,1.0,0.7155172413793104,0.25,0.5227272727272727,0.5555555555555556,1.0,8.442963231430344,9.158760500237767,50.0,6.0,8.0,2.0,0.0,0.0,2.0,2.898275349237888,2.0,2.898275349237888,0.375,1.02469507659596,5.4375,5.291108894488312,20.1875,24.948530350837636,9.875,15.27034162464394,0.75,2.4899799195977463,200.0,464.0,180.0,75.0,9.0,27.3125,17.215182252883643,674,51,12,0
131,06f626357f08f0052702768bacd7a83224b6abe00a8498d6f3e220cb8d75657f,0.84,1.0,0.8075862068965518,1.0,0.8409090909090909,0.7966666666666666,0.6666666666666666,5.581940107198882,3.3318973899657696,49.0,4.0,6.0,2.0,0.0,0.0,3.1666666666666665,3.613946051147701,3.1666666666666665,3.613946051147701,0.4166666666666667,1.443375672974064,6.0,5.830951894845301,11.0,9.844241510095681,5.25,5.395705362937859,1.4166666666666667,2.391588796113782,75.0,301.0,154.0,21.0,6.0,29.416666666666668,17.14885807665727,356,187,9,0
132,ca56bcb156f0f37aef751cd75da259223e3d31fe6188663766de2161f6cadf23,1.0,1.0,0.9655172413793104,1.0,1.0,1.0,1.0,3.4736837217848886,2.8265557074727896,53.0,4.0,5.0,2.0,1.6363636363636365,2.941860882935401,3.272727272727273,3.101319367330914,3.272727272727273,3.101319367330914,0.0,0.0,4.363636363636363,4.478230169893622,16.90909090909091,22.313469230285754,11.727272727272727,15.120125059607869,1.0909090909090908,1.8683974659876552,77.0,431.0,114.0,10.0,4.0,29.454545454545453,19.22167337337536,185,160,6,1
133,365f328073dd7d75da016abb7d80d031021e90aeb5bf192752fb282f0d7ca134,0.96,1.0,0.9310344827586208,1.0,0.8181818181818182,1.0,1.0,5.5764256193007355,7.1011475323006765,54.0,7.0,6.0,4.0,0.0,0.0,1.3529411764705883,2.059768690611528,1.3529411764705883,2.059768690611528,0.23529411764705882,0.9701425001453319,3.764705882352941,4.206088024588672,17.11764705882353,22.816886161736594,13.235294117647058,17.480451266217017,0.23529411764705882,0.7524469885568252,130.0,455.0,233.0,20.0,8.0,26.764705882352942,19.13938809028617,397,231,6,1
134,6226b05e88a6e377deae855511844e0368f18eacc3dedf177c6231194ac6a742,0.57,1.0,0.5086206896551724,0.0,0.06818181818181818,0.1111111111111111,-0.3333333333333333,1.0320189093570165,0.7152761902868358,53.0,4.0,5.0,3.0,0.0,0.0,1.25,2.050498830661811,1.3333333333333333,2.1461734799546393,0.4166666666666667,1.443375672974064,3.75,2.378884383296277,14.75,36.159055196828255,5.333333333333333,12.062966115974607,0.3333333333333333,0.7784989441615231,70.0,355.0,77.0,2.0,0.0,25.833333333333332,17.408635962090944,414,90,12,1
135,fb47e54a151f7888d45c74c1e71ae549e0cd44984ed4010d5f7246ae34270aa1,0.95,1.0,0.9196551724137932,1.0,0.7881818181818182,1.0,1.0,0.5134597003025435,0.3537169397929565,48.0,4.0,3.0,1.0,0.0,0.0,2.875,2.5319388392523003,2.875,2.5319388392523003,0.125,0.3535533905932738,4.5,2.7774602993176543,6.125,9.891374308673477,2.25,2.9640705601780613,0.125,0.3535533905932738,32.0,127.0,65.0,11.0,2.0,23.625,18.76118713880182,2,290,0,15
136,a6d6d436c33419503bd4c24f225409d5225c2fa4fd197ae9ed62f5301270b53f,0.75,-1.0,0.7241379310344828,0.5,0.45454545454545453,0.5555555555555556,1.0,5.557938045613876,7.218875763746744,52.0,7.0,2.0,2.0,0.0,0.0,1.5454545454545454,2.9449494516421284,1.5454545454545454,2.9449494516421284,0.0,0.0,2.3636363636363638,2.377928816122437,17.818181818181817,25.00327251308589,14.272727272727273,20.489465142315986,0.0,0.0,96.0,382.0,21.0,3.0,0.0,16.545454545454547,17.426208057771124,261,160,3,12
137,8ef95957ed73b21e65c6c1b963cf90abe2c1388c60e2c83a19af2a7ee8cd9961,0.96,1.0,0.9224137931034484,1.0,0.7954545454545454,1.0,1.0,5.594001670156872,4.782428356057141,45.0,7.0,8.0,2.0,0.17647058823529413,0.7276068751089989,2.5294117647058822,3.8748814023596823,2.5294117647058822,3.8748814023596823,0.47058823529411764,1.280510008689093,5.823529411764706,5.950160650327509,33.411764705882355,55.11471992980801,24.941176470588236,39.63973793467121,0.23529411764705882,0.562295714538387,176.0,859.0,448.0,77.0,6.0,20.58823529411765,16.0080402592315,1198,341,21,2
138,1d3bade754d542a25f8d826f484e9ef1c53eec484cd30011d0aa64af56e9c360,0.78,1.0,0.75,0.5,0.5227272727272727,0.6666666666666666,1.0,3.749896653585435,2.7043832770561216,43.0,3.0,3.0,1.0,4.714285714285714,3.401680257083045,3.142857142857143,2.734262327610589,3.142857142857143,2.734262327610589,1.0,1.9148542155126762,5.571428571428571,5.711308748355986,18.285714285714285,15.70259305246839,10.571428571428571,8.383657572069263,0.5714285714285714,1.511857892036909,74.0,271.0,65.0,42.0,8.0,18.0,16.391054470858997,334,59,4,1
139,807e0f39ca606bc9c539abe9efce7c520a7193a29ec9053a91fd599e24a45eb9,0.95,1.0,0.913793103448276,1.0,0.8181818181818182,0.9444444444444444,1.0,4.642489783779148,3.980590335266469,47.0,4.0,5.0,5.0,0.0,0.0,1.9285714285714286,2.730575755412026,1.9285714285714286,2.730575755412026,0.2857142857142857,1.0690449676496976,6.928571428571429,5.075799076375686,78.57142857142857,96.22306958769877,69.64285714285714,89.96290444302126,0.6428571428571429,1.2157392722216298,206.0,1420.0,912.0,51.0,9.0,26.571428571428573,18.299702753846056,254,494,4,3
140,c1d95ba9872db04aed5ab6c1ab1da219e20b98a971c4442d32571a63e3f8eb06,0.74,1.0,0.7100000000000001,0.5,0.5227272727272727,0.5377777777777778,1.0,2.4327272966677618,2.7678137302963286,47.0,4.0,7.0,4.0,0.0,0.0,2.2,3.320929301953209,2.2,3.320929301953209,1.0,1.6903085094570334,6.6,6.367327315511363,23.666666666666668,28.474717273566103,9.0,8.323804075404123,0.6,1.2983506020002014,196.0,707.0,359.0,54.0,2.0,24.0,17.067094488685363,838,299,8,4
141,65a4a3bd05c0e27b7bba2ee5b95f50c9af51ba46bcdd17be7485e12f662457e1,0.59,1.0,0.5689655172413793,0.0,0.2727272727272727,0.16666666666666666,0.3333333333333333,6.289711022926073,7.184712461173928,45.0,6.0,3.0,2.0,0.0,0.0,1.8181818181818181,2.9603439603593977,1.8181818181818181,2.9603439603593977,0.0,0.0,6.090909090909091,3.207944683268259,11.181818181818182,15.308939753086637,7.181818181818182,7.820718404573608,0.45454545454545453,0.6875516509523286,76.0,283.0,109.0,11.0,0.0,19.181818181818183,18.302011811919375,4,218,0,1
142,1e1188e0478a823fc3f411ef6baed0f6abc324d5b70e60e0eb52f37401177d00,0.51,1.0,0.4541379310344827,0.0,0.09090909090909091,-0.20333333333333334,-0.3333333333333333,1.0217875267718255,0.4194788384473765,36.0,3.0,5.0,1.0,0.0,0.0,1.8888888888888888,3.1797973380564852,1.8888888888888888,3.1797973380564852,0.0,0.0,3.3333333333333335,5.07444578254611,10.333333333333334,20.579115627256677,4.888888888888889,10.018039284765813,0.0,0.0,45.0,233.0,19.0,0.0,0.0,14.333333333333334,13.076696830622021,125,285,1,9
